"DESCRIPTION","DURATION IN MS","NAME","PARENT SUITE","START TIME","STATUS","STOP TIME","SUB SUITE","SUITE","TEST CLASS","TEST METHOD"
"","54","Проверка получения брони с несуществующим id","tests","Wed Oct 07 22:26:48 UTC 2026","passed","Wed Oct 07 22:26:48 UTC 2026","TestBooking","test_booking","",""
"","48","Проверка с невалидными данными авторизации","tests","Wed Oct 07 22:26:47 UTC 2026","passed","Wed Oct 07 22:26:47 UTC 2026","TestAuth","test_auth","",""
"","55","Проверка создания брони с обязательными параметрами","tests","Wed Oct 07 22:26:48 UTC 2026","passed","Wed Oct 07 22:26:48 UTC 2026","TestBooking","test_booking","",""
"","48","Проверка создания брони с невалидными данными","tests","Wed Oct 07 22:26:48 UTC 2026","passed","Wed Oct 07 22:26:48 UTC 2026","TestBooking","test_booking","",""
"","118","Проверка удаления брони не авторизованным пользователем","tests","Wed Oct 07 22:26:50 UTC 2026","passed","Wed Oct 07 22:26:50 UTC 2026","TestBooking","test_booking","",""
"","64","Проверка получения бронирований по фильтру","tests","Wed Oct 07 22:26:49 UTC 2026","passed","Wed Oct 07 22:26:49 UTC 2026","TestBooking","test_booking","",""
"","55","Проверка получения бронирований по фильтру","tests","Wed Oct 07 22:26:48 UTC 2026","passed","Wed Oct 07 22:26:48 UTC 2026","TestBooking","test_booking","",""
"","113","Проверка частичного обновления брони авторизованным пользователем","tests","Wed Oct 07 22:26:50 UTC 2026","passed","Wed Oct 07 22:26:50 UTC 2026","TestBooking","test_booking","",""
"","133","Проверка создания брони с невалидными данными","tests","Wed Oct 07 22:26:48 UTC 2026","passed","Wed Oct 07 22:26:48 UTC 2026","TestBooking","test_booking","",""
"","56","Проверка получения бронирований по фильтру","tests","Wed Oct 07 22:26:49 UTC 2026","passed","Wed Oct 07 22:26:49 UTC 2026","TestBooking","test_booking","",""
"","54","Проверка авторизации с неверными данными","tests","Wed Oct 07 22:26:47 UTC 2026","passed","Wed Oct 07 22:26:47 UTC 2026","TestAuth","test_auth","",""
"","94","Проверка обновления брони с невалидным токеном","tests","Wed Oct 07 22:26:49 UTC 2026","passed","Wed Oct 07 22:26:49 UTC 2026","TestBooking","test_booking","",""
"","60","Проверка получения всех бронирований","tests","Wed Oct 07 22:26:48 UTC 2026","passed","Wed Oct 07 22:26:48 UTC 2026","TestBooking","test_booking","",""
"","98","Проверка удаления брони","tests","Wed Oct 07 22:26:50 UTC 2026","passed","Wed Oct 07 22:26:50 UTC 2026","TestBooking","test_booking","",""
"","96","Проверка обновления брони не авторизованным пользователем","tests","Wed Oct 07 22:26:49 UTC 2026","passed","Wed Oct 07 22:26:49 UTC 2026","TestBooking","test_booking","",""
"","55","Проверка с невалидными данными авторизации","tests","Wed Oct 07 22:26:47 UTC 2026","passed","Wed Oct 07 22:26:47 UTC 2026","TestAuth","test_auth","",""
"","46","Проверка создания брони со всеми параметрами","tests","Wed Oct 07 22:26:47 UTC 2026","passed","Wed Oct 07 22:26:47 UTC 2026","TestBooking","test_booking","",""
"","47","Проверка создания брони с невалидными данными","tests","Wed Oct 07 22:26:48 UTC 2026","passed","Wed Oct 07 22:26:48 UTC 2026","TestBooking","test_booking","",""
"","51","Проверка создания брони с невалидными данными","tests","Wed Oct 07 22:26:48 UTC 2026","passed","Wed Oct 07 22:26:48 UTC 2026","TestBooking","test_booking","",""
"","47","Проверка получения бронирований по фильтру","tests","Wed Oct 07 22:26:48 UTC 2026","passed","Wed Oct 07 22:26:48 UTC 2026","TestBooking","test_booking","",""
"","56","test_ping","tests","Wed Oct 07 22:26:51 UTC 2026","passed","Wed Oct 07 22:26:51 UTC 2026","TestPingRequest","test_ping","",""
"","46","Проверка удаления несуществующей брони","tests","Wed Oct 07 22:26:51 UTC 2026","passed","Wed Oct 07 22:26:51 UTC 2026","TestBooking","test_booking","",""
"","54","Проверка авторизации с валидными данными","tests","Wed Oct 07 22:26:47 UTC 2026","passed","Wed Oct 07 22:26:47 UTC 2026","TestAuth","test_auth","",""
"","47","Проверка создания брони с невалидными данными","tests","Wed Oct 07 22:26:48 UTC 2026","passed","Wed Oct 07 22:26:48 UTC 2026","TestBooking","test_booking","",""
"","93","Проверка полного обновления брони авторизованным пользователем","tests","Wed Oct 07 22:26:49 UTC 2026","passed","Wed Oct 07 22:26:49 UTC 2026","TestBooking","test_booking","",""
"","94","Проверка удаления брони c невалидным токеном","tests","Wed Oct 07 22:26:51 UTC 2026","passed","Wed Oct 07 22:26:51 UTC 2026","TestBooking","test_booking","",""
"","54","Проверка обновления несуществующей брони","tests","Wed Oct 07 22:26:50 UTC 2026","passed","Wed Oct 07 22:26:50 UTC 2026","TestBooking","test_booking","",""
"","47","Проверка получения брони по id","tests","Wed Oct 07 22:26:48 UTC 2026","passed","Wed Oct 07 22:26:48 UTC 2026","TestBooking","test_booking","",""
"","54","Проверка с невалидными данными авторизации","tests","Wed Oct 07 22:26:47 UTC 2026","passed","Wed Oct 07 22:26:47 UTC 2026","TestAuth","test_auth","",""
